prompt_name,model_name,response_preview,completion_tokens,tokens_per_second,error
short_coding,Qwen3.5-4B,"Here's an efficient Python function to check if a number is prime: ```python def is_prime(n): """""" Check if a number is prime. A prime number is a natural number greater than 1 that has no positive divisors other than 1 and itself. Parameters: n (int): The number to check. Returns: bool: True if the ...",256,21.2,
short_translation,Qwen3.5-4B,"Thinking Process: 1. **Analyze the Request:** * Source text: ""The quick brown fox jumps over the lazy dog."" * Target language: Chinese (Chinese). * Task: Translate. 2. **Identify the Nature of the Text:** * This is a famous pangram (a sentence containing every letter of the alphabet at least once). ...",256,22.6,
short_factual,Qwen3.5-4B,"Thinking Process: 1. **Analyze the Request:** * Topic: Three laws of thermodynamics. * Constraint: Answer in one sentence each (total of three sentences). 2. **Identify the Content:** * First Law: Conservation of energy (Energy cannot be created or destroyed, only transformed). * Second Law: Entropy...",256,22.05,
medium_coding,Qwen3.5-4B,"Here's a thinking process that leads to the suggested Python class: 1. **Understand the Goal:** The user wants a Python class named `CSVValidator`. It needs to read a CSV file from a given path, validate headers against an expected list, count missing values per column, and generate a summary report...",512,21.56,
medium_analysis,Qwen3.5-4B,"Here's a thinking process that leads to the comparison between Transformer and Flash Attention: 1. **Deconstruct the Request:** * **Subjects:** Original Transformer (Vaswani et al., 2017) vs. Flash Attention (Dao et al., 2022). * **Key Aspects to Discuss:** 1. Computational Complexity Differences. 2...",512,20.33,
medium_creative,Qwen3.5-4B,Thinking Process: 1. **Analyze the Request:** * **Role:** Senior Product Manager at a startup. * **Task:** Write a product brief for a new feature. * **Feature:** AI-powered 'Prompt Optimizer' (takes rough prompt -> analyzes redundancy/ambiguity -> outputs compressed version). * **Constraints:** Max...,512,16.32,
long_coding,Qwen3.5-4B,"Here's a thinking process that leads to the suggested implementation: 1. **Understand the Goal:** The user wants a Python module named `token_budget_manager.py`. It needs to manage token budgets (likely for LLM APIs like OpenAI), track allocations, and offer optimization suggestions. Key requirement...",1024,11.88,
long_analysis,Qwen3.5-4B,"Here's a thinking process that leads to the suggested response: 1. **Analyze the Request:** * **Role:** AI Researcher writing a literature review section. * **Task:** Analyze a specific research question (""How do different prompt compression techniques affect the quality-cost tradeoff in LLM inferen...",1024,12.42,
short_coding,Gemma-4-E4B-IT,"Here are a few ways to write a Python function to check if a number is prime, ranging from the basic approach to a more optimized one. ### 1. Basic and Clear Approach (Good for beginners) This method checks divisibility by every integer from 2 up to $n-1$. ```python def is_prime_basic(n): """""" Checks...",256,13.76,
short_translation,Gemma-4-E4B-IT,"There are a few ways to translate this, depending on whether you want a literal translation or a more natural-sounding one that conveys the meaning. **1. Literal Translation (Focusing on the words):** > **English text.** > *Mǐnjié de zōngsè húli tiàoguò lǎn gǒu.* * **English text (mǐnjié de):** Quick/Agile * ...",256,13.85,
short_factual,Gemma-4-E4B-IT,"The first law states that energy cannot be created or destroyed, only transferred or changed in form. The second law dictates that the total entropy of an isolated system can only increase over time. The third law asserts that the entropy of a perfect crystal approaches zero as the temperature appro...",58,12.75,
medium_coding,Gemma-4-E4B-IT,"```python import csv from typing import List, Dict class CSVValidator: """""" A class to validate the structure and content of a CSV file. It can check for expected headers, count missing values per column, and generate a summary report. """""" def __init__(self, filepath: str): """""" Initializes the valida...",512,13.41,
medium_analysis,Gemma-4-E4B-IT,"## Comparison of Original Transformer Attention vs. Flash Attention The self-attention mechanism is the core component of the Transformer architecture. While the original formulation (Vaswani et al., 2017) was groundbreaking, it suffers from quadratic complexity in sequence length. **Flash Attention...",512,13.43,
medium_creative,Gemma-4-E4B-IT,"## Product Brief: Prompt Optimizer (AI Enhancement) **Problem:** Our users often write verbose, ambiguous prompts when interacting with LLMs. This leads to wasted API costs due to unnecessary token usage and suboptimal model outputs because the core intent is diluted by fluff or conflicting instruct...",205,13.13,
long_coding,Gemma-4-E4B-IT,"This is a comprehensive implementation that meets all the specified requirements. ### `token_budget_manager.py` ```python import threading from typing import List, Dict, Any from pydantic import BaseModel, Field try: import tiktoken except ImportError: print(""Warning: 'tiktoken' library not found. P...",1024,13.14,
long_analysis,Gemma-4-E4B-IT,## Literature Review: Prompt Compression Techniques and the Quality-Cost Tradeoff in LLM Inference The escalating cost and latency associated with large language model (LLM) inference present a critical bottleneck for real-world deployment. A major area of research addresses prompt compression-the p...,1024,12.72,
short_coding,GPT-OSS-Nano,"Here's a quick Python function that tells whether an integer is a "prime" (i.e., one of 2, 3, 5, 7, 11, ...). It simply checks against the list of prime numbers and returns `True`/`False`. ```python def is_prime(n): """""" Checks if n is a prime number. Parameters: n - an integer ( The user wants ""Write ...",256,13.62,
short_translation,GPT-OSS-Nano,<empty>,0,0.0,LM Studio text generation failed for model 'gpt-oss-nano' with status 400.
short_factual,GPT-OSS-Nano,"The user asks: ""What are the three laws of thermodynamics? Answer in one sentence each."" So we need to list the three laws of thermodynamics, presumably referring to the laws of heat transfer: conservation of energy (law of conservation), law of entropy, and law of temperature. But there might be co...",256,13.6,
medium_coding,GPT-OSS-Nano,"We need to write Python class called CSVValidator with methods: __init__(self, filepath: str) reads a CSV file; validate_headers(self, expected: list[str]) -> bool that checks column names; find_missing_values(self) -> dict[str, int] returns column name to missing count mapping; summary(self) -> str...",512,13.67,
medium_analysis,GPT-OSS-Nano,We need to compare Transformer vs Flash Attention. Provide discussion of computational complexity differences: original Transformer uses full tensor inference with all tokens; Flash Attention uses selective attention via memory buffer storing only head token and a few tokens? Actually Flash Attentio...,512,13.76,
medium_creative,GPT-OSS-Nano,"**Prompt Optimizer - Product Brief** *Problem Statement:* Users frequently draft prompts for AI tools that are verbose, redundant, or ambiguous-leading to sub-optimal results and wasted token budgets. In a token-constrained environment (e.g., GPT-4, ChatGPT), every 1 token can cost up time and accur...",512,13.65,
long_coding,GPT-OSS-Nano,"We need to design Python module token_budget_manager.py. Provide classes: TokenBudget, AllocationResult, BudgetReport, Suggestion. Use tiktoken library for token counting. Implementation details: TokenBudget: __init__(self, total_budget: int, model: str = 'gpt-4o') . allocate(section: str, content: ...",1024,13.64,
long_analysis,GPT-OSS-Nano,"**Literature Review - Prompt-Compression Techniques for Large-Language-Model (LLM) Inference** The central question is: *"How do different prompt-compression techniques affect the quality-cost trade-off in LLM inference?"* Below is a structured synthesis of the current state of research, grouped by ...",1024,16.04,
